sentence,
"I am unable to transact online as my card is de-registered status, how do I re-register my card",How does Verified by Visa/ MasterCard SecureCode work
Is there a fee to register for Verified by Visa / MasterCard Securecode,I suspect someone has stolen my password or used it to make fraudulent purchases. What should I do
What steps should I take to ensure that my VBV / MSC Password is strong and difficult to guess,My spouse and I both have the same card number. How does Verified by Visa/ MasterCard SecureCode work for both of us
Can I set my Personal Assurance Message to be the same as my VBV / MSC Password,What is Verified by Visa/MasterCard SecureCode
What happens if I try to make a purchase at a merchant that doesn't participate in the Verified by Visa / MasterCard Securecode service,How do I register my HDFC Bank Card
Can I get the benefit of Verified by Visa/ MasterCard SecureCode security at online stores that are not participating in the service,Can I register for Verified by Visa/MasterCard SecureCode with my existing HDFC Bank Card or do I need to apply for a new one
What security do I need to provide to obtain a Business loan,Can I register more than one HDFC Bank Credit/ Debit Card
What are the benefits of having a Current/Saving Account for my Business loan,"If I have just received a renewed card, do I need to re-register"
How long will it take for me to get a Business Loan,Can I register my non-Visa payment Cards with Verified by Visa and non- MasterCard payment Cards with MasterCard SecureCode
Can I repay the loan earlier for Business Loan,Can I use Verified by Visa/ MasterCard SecureCode from any other computer
How can I get my address changed in my loan account,Do I need any special equipment or software on my computer
What will be done with the post dated cheques if I request to change the mode of repayment/ account for my loan,What is a Personal Assurance Message or Personal Greeting
What are the charges I have to pay to change the mode of repayment/ account for my loan,How can I register for VBV/SC if my mobile number / Email ID is not updated in my Credit Card records with the Bank
How can I change the mode of repayment/ account for my loan,How long does it take for the IVR Password  to get delivered using Verified by Visa/Mastercard Secure Code
How do I obtain a Duplicate Repayment Schedule for my loan account,"If I have registered two email IDs, on which email ID will I receive the IVR Password "
How much loan can I avail of Business Loan,What is the validity of the IVR Password  using Verified by Visa/Mastercard Secure Code
How do I repay my Business Loan,What are the other things that I need to keep in mind about the IVR Password using Verified by Visa/Mastercard Secure Code
What are the loan tenure options for Business Loan,In what transactions is the One Time Password (IVR Password ) process applicable
Do I need to pledge anything or give collateral to get a car loan,I don't see my Personal Assurance Message on the Secure page . What should I do
How long can the tenure of my loan be,"If I forget my VBV/MSC  password, how do I retrieve the same"
What documents do I need to submit after the loan amount is disbursed,"While trying to register my card, I am getting the error message stating mobile no. mismatch, what could be the reason"
What happens if the car meets with an accident,On which email id will I receive the OTP for Credit card registration or for password reset
Can I get finance for insurance and registration,"While trying to register I am getting error message Card already enrolled , what should I do"
How much loan can I get,I don't remember my Verified by Visa / MasterCard Securecode login Id
Can I sell my car before I repay my loan,Where do I find the CVV2
How much time will it take to change the mode of repayment/ account to repay my loan,
What is De-pledge,
What is Guarantor,
What is Amortization,
What is Pledge,
What is RTGS,
What is NEFT,
What is SI,
What is CIBIL,
Which documents should I carry at the time of visiting HDFC bank,
Who can resolve my queries,
How do I obtain a NOC from the bank for fitting an LPG/CNG kit on my vehicle under finance with HDFC Bank,
How do I obtain a NOC from the bank for settling a partial loss Insurance Claim for a vehicle under finance with HDFC Bank,
How can I get my address changed in my loan account,
How do I obtain a NOC from the bank if my Registration Certificate is mutilated and  I wish to apply for a duplicate Registration Certificate book for a vehicle under finance with HDFC Bank,
How do I obtain a NOC from the bank if I have lost my Registration Certificate book for a vehicle under finance with HDFC Bank,
How do I obtain a Duplicate Repayment Schedule for my loan account,
What will be done with the post dated cheques if I request to change the mode of repayment/account for my loan,
How do I obtain a duplicate NOC/Form 35 for a vehicle loan that has been closed and fully repaid,
How can I change the mode of repayment/ account for my loan,
What are the tenure options available,
How much finance can I avail of on New Car Loans,
Who can avail of HDFC Bank New Car Loans,
What are the special privileges that HDFC Bank customers can avail of,
Do I have the option to pre-pay the entire loan amount,
Which cars can be financed for New Car Loans,
What is the maximum amount I can borrow with an HDFC Bank New Car Loans,
Do I need a guarantor for New Car Loans,
"If I don't have an account with HDFC Bank, can I still avail of a New Car Loans",
How long will it take to process loan for New Car Loans,
Do I need a co-applicant for a New Car Loan,
Do I have the option of pre-paying the entire loan amount,
So how do I get an HDFC Bank Car Loan,
What are the most important guidelines post disbursements for New Car Loans,
Do I have an option to pay a skipped/ missed EMI for New Car Loans,
How do I obtain a NOC from the bank if my Registration Certificate is mutilated and  I wish to apply for a duplicate Registration Certificate book for a vehicle under finance with HDFC Bank,
How can I get my address changed in my loan account,
How can I change the mode of repayment/ account for my loan,
How do I obtain a NOC from the bank for settling a partial loss Insurance Claim for a vehicle under finance with HDFC Bank,
How do I obtain a NOC from the bank if I have lost my Registration Certificate book for a vehicle under finance with HDFC Bank,
What are the charges I have to pay to change the mode of repayment/ account for my loan,
How do I obtain a Duplicate Repayment Schedule for my loan account,
How do I obtain a duplicate NOC/Form 35 for a vehicle loan that has been closed and fully repaid,
What will be done with the post dated cheques if I request to change the mode of repayment/ account for my loan,
How do I obtain a NOC from the bank for fitting an LPG/CNG kit on my vehicle under finance with HDFC Bank,
What are the tenure options for Pre-owned Car Loans,
How many times of my annual salary can I borrow with HDFC Bank Auto Loan,
Do I need a guarantor for Pre-owned Car Loans,
How much finance can I avail of on Pre-owned Car Loans,
What are the special privileges that HDFC Bank account holders can avail of,
What are the most important guidelines post disbursements for Pre-owned Car Loans,
Which cars can be financed for Pre-owned Car Loans,
What is the maximum amount I can borrow with an HDFC Bank Pre-owned Car Loans,
How long will it take to process loan for Pre-owned Car Loans,
"If I don't have an account with HDFC Bank, can I still avail of Pre-owned Car Loans",
Who can avail of HDFC Bank Pre-owned Car Loans,
Do I need a co-applicant for a New Car Loan,
So how do I get an HDFC Bank Pre-owned Car Loans,
Do I have an option to pay a skipped/ missed EMI for Pre-owned Car Loans,
How can I change the mode of repayment/ account for my loan,
How do I obtain a NOC from the bank if my Registration Certificate is mutilated and  I wish to apply for a duplicate Registration Certificate book for a vehicle under finance with HDFC Bank,
How do I obtain a NOC from the bank if I have lost my Registration Certificate book for a vehicle under finance with HDFC Bank,
How do I obtain a NOC from the bank for settling a partial loss Insurance Claim for a vehicle under finance with HDFC Bank,
What are the charges I have to pay to change the mode of repayment/ account for my loan,
How do I obtain a Duplicate Repayment Schedule for my loan account,
How do I obtain a NOC from the bank for fitting an LPG/CNG kit on my vehicle under finance with HDFC Bank,
How do I obtain a duplicate NOC/Form 35 for a vehicle loan that has been closed and fully repaid,
How can I get my address changed in my loan account,
What will be done with the post dated cheques if I request to change the mode of repayment/ account for my loan,
So how do I get the Loan against Car,
How long will it take to process loan for Loan against Car,
Does this require Car verification / Valuation,
Which cars can be financed for Loan against Car,
What are the tenure options for Loan against Car,
Who can avail the Loan against Car,
Do I need a guarantor for Loan against Car,
How much finance can I avail of on Loan against Car,
Do I have an option to pay a skipped/ missed EMI for Loan against Car,
What will be done with the post dated cheques if I request to change the mode of repayment/ account for my loan,
How do I obtain a duplicate NOC/Form 35 for a vehicle loan that has been closed and fully repaid,
What are the charges I have to pay to change the mode of repayment/ account for my loan,
How do I obtain a NOC from the bank for fitting an LPG/CNG kit on my vehicle under finance with HDFC Bank,
How do I obtain a Duplicate Repayment Schedule for my loan account,
How do I obtain a NOC from the bank for settling a partial loss Insurance Claim for a vehicle under finance with HDFC Bank,
How do I obtain a NOC from the bank if I have lost my Registration Certificate book for a vehicle under finance with HDFC Bank,
"If I don't have an account with HDFC Bank, can I still avail of loans",
How do I obtain a NOC from the bank if my Registration Certificate is mutilated and  I wish to apply for a duplicate Registration Certificate book for a vehicle under finance with HDFC Bank,
How can I change the mode of repayment/ account for my loan,
How can I get my address changed in my loan account,
Whom do I contact in case of ay further queries regarding the loan,
What are the tenures for which I can avail this loan,
Which all locations HDFC Bank Consumer Durable Loan is available currently,
What is the minimum loan value/product value,
How can I change the mode of repayment/ account for my loan,
What are the charges I have to pay to change the mode of repayment/ account for my loan,
How can I get my address changed in my loan account,
What will be done with the post dated cheques if I request to change the mode of repayment/ account for my loan,
What is Pledge,
Which documents should I carry at the time of visiting HDFC bank,
How much time will it take to change the mode of repayment/ account for your loan,
Who can resolve my queries,
How can I get my address changed in my loan account,
What will be done with the post dated cheques if I request to change the mode of repayment/ account for my loan,
How can I change the mode of repayment/ account for my loan,
How do I obtain a Duplicate Repayment Schedule for my loan account,
What are the charges I have to pay to change the mode of repayment/ account for my loan,
Do I need to provide collateral to avail of an education loan (Education Loans For Indian Education),
What is the maximum loan amount I can get for studies in India,
Is there moratorium/repayment holiday available (Education Loans For Indian Education),
Which courses can I take an education loan for (Education Loans For Indian Education),
How do I know if I am eligible for the education loan for Indian education,
How long is the tenure of the loan (Education Loans For Indian Education),
Do I need a co-applicant for the loan (Education Loans For Indian Education),
what does 'Moratorium Period' mean (Education Loans For Indian Education) ,
Do I have to pay any margin money - my own funding (Education Loans For Indian Education),
Which course related expense does this loan cover (Education Loans For Indian Education),
Will the loan be disbursed in favour of the Institute/college/university (Education Loans For Indian Education),
Do I have to make any repayment during the moratorium period (Education Loans For Indian Education),
How can I change the mode of repayment/ account for my loan,
What are the charges I have to pay to change the mode of repayment/ account for my loan,
What is the mode of repayment for student loan in India,
What will be done with the post dated cheques if I request to change the mode of repayment/ account for my loan,
How can I get my address changed in my loan account,
How do I obtain a Duplicate Repayment Schedule for my loan account,
Which courses can I take an Education Loan for,
What all is the loan for – study and stay or just study,
Why should I get loan sanction before admission,
Is there a moratorium/ repayment holiday available,
What all is the loan for – study and stay or just study,
Who can be my co-borrowers,
Do I need a co-borrower for the loan,
Who can apply for Credila Education Loan,
Can I apply before confirmed admission,
How much loan can I get from Credila,
When do I start paying my EMI,
Will we get tax benefit on the interest paid on education loan,
Which course related expense does this loan cover (Education Loans For Foreign Education),
Will the loan be disbursed in favour of the Institute/college/university (Education Loans For Foreign Education),
Do I need to provide collateral to avail of an education loan (Education Loans For Foreign Education),
How long is the tenure of the loan (Education Loans For Indian Education),
Do I have to make any repayment during the moratorium period (Education Loans For Foreign Education),
What is the mode of repayment (Education Loans For Foreign Education),
Which courses can I take an education loan for (Education Loans For Foreign Education),
Is there moratorium/repayment holiday available (Education Loans For Foreign Education),
What is the maximum loan amount I can get for studies abroad,
Do I need a co-applicant for the loan (Education Loans For Foreign Education),
What does 'Moratorium period' mean (Education Loans For Foreign Education),
What is the mode of repayment,
Do I have to make any repayments during the moratorium period,
What kind of collateral security is required,
Who should opt for an education loan and why,
Do I have to pay any margin money - my own funding (Education Loans For Foreign Education),
How do I know if I am eligible for an education loan for foreign education,
What will be done with the post dated cheques if I request to change the mode of repayment/ account for my loan,
How can I get my address changed in my loan account,
How can I change the mode of repayment/ account for my loan,
How long does it take to process Gold Loan,
How much loan amount can be availed at a time,
Are there any benefits on Agricultural/Priority sector ,
How should the gold loan be repaid,
What security is required against the Gold Loan,
What will be the tenure of Gold loan,
What are Benefits for HDFC Bank account holders ,
What is De-pledge,
What is Guarantor,
What is Amortization,
What is Pledge,
What is RTGS,
What is NEFT,
What is SI,
What is CIBIL,
Which documents should I carry at the time of visiting HDFC bank,
Who can resolve my queries,
How can I change the mode of repayment/ account for my loan,
Are there any additional charges for loan repayment,
Do I have the option to structure my loan as partly fixed or partly floating,
Can I give standing instructions to repay my Home Loan EMIs directly from my HDFC Bank Savings Account,
What is Pledge,
How will HDFC decide my home loan eligibility,
What is pre-EMI interest,
Are my property documents safe with HDFC Ltd.,
What Property can be considered as collateral for LAP,
Are there any additional charges for loan Pre-payment,
What are the fees & charges applicable,
Can I avail an Overdraft against my Property,
What is the maximum tenure to repay the Loan Against Property,
What is the maximum loan I can get against my Property,
How do I apply for a Loan Against Property (LAP),
How can I make a request to foreclose my Loan Against Property account,
What is PDC,
What are the documents required to avail of the Loan Against Property,
How can I get my address changed in my loan account,
What will be done with the post dated cheques if I request to change the mode of repayment/ account for my loan,
How can I change the mode of repayment/ account for my loan,
What are the charges I have to pay to change the mode of repayment/ account for my loan,
What are the charges I need to pay to foreclose my Loan Against Property,
What are the charges I need to pay to foreclose my loan,
How much time will it take to decision an application for Loan Against Property,
What is De-pledge,
What is Guarantor,
What is Amortization,
What is Pledge,
What is RTGS,
What is NEFT,
What is SI,
What is CIBIL,
Which documents should I carry at the time of visiting HDFC bank,
Who can resolve my queries,
How do I obtain a NOC from the bank if my Registration Certificate is mutilated and  I wish to apply for a duplicate Registration Certificate book for a vehicle under finance with HDFC Bank,
How do I obtain a NOC from the bank if I have lost my Registration Certificate book for a vehicle under finance with HDFC Bank,
How do I obtain a NOC from the bank for settling a partial loss Insurance Claim for a vehicle under finance with HDFC Bank,
How do I obtain a NOC from the bank for fitting an LPG/CNG kit on my vehicle under finance with HDFC Bank,
How can I get my address changed in my loan account,
What are the different loan repayment modes,
"If I have shares of one company only, can I get a limit against just one script",
How do I obtain a Duplicate Repayment Schedule for my loan account,
What will be done with the post dated cheques if I request to change the mode of repayment/account for my loan,
How do I obtain a duplicate NOC/Form 35 for a vehicle loan that has been closed and fully repaid,
How can I change the mode of repayment/ account for my loan,
Are there any additional charges for loan repayment,
Can I repay my loan earlier than the due date,
What are the other benefits that I can get from my Loan Against Securities Account,
Is my overdraft limit fixed,
Is there any charge in the LAS Account if there are no limits,
How can I get my securities released,
What is the procedure to get the TRF booklet,
How would I pay the interest debited to my Loan Against Securities account each month,
Do I get statements for my account,
What is the minimum Loan value,
How frequently will my portfolio be re-valued,
Would the shares be held in my name,
What are the documents required to avail of the Loans Against Rental Receivables,
How much loan can be offered against my Property,
How do I apply for a Loan Against Rent Receivables (LARR),
What are the Fees and Charges applicable,
How much time will it take to decision an application for Loan Against Rental Receivables,
What is EMI,
Are there any additional charges for loan Prepayment,
What are the charges I need to pay to foreclose my Loans Against Rental Receivable,
How can I make a request to foreclose my Loans Against Rental Receivables account,
How should I apply for a duplicate NOC/ closure letter,
What Property can be considered as collateral for LARR,
What is the maximum tenure to repay the Loans Against Rental Receivables,
How long will it take for my Professional loan to be processed,
Can I repay the loan earlier for Professionals Loan,
How can I get my address changed in my loan account,
What will be done with the post dated cheques if I request to change the mode of repayment/ account for my loan,
What are the charges I have to pay to change the mode of repayment/ account for my loan,
How can I change the mode of repayment/ account for my loan,
How do I obtain a Duplicate Repayment Schedule for my loan account,
What security do I need to provide to obtain Professionals loan,
What are the loan tenure options for Professionals Loan,
What are the benefits of having a Current/Saving Account for my Loan to Professionals,
How much loan can I avail of for Professionals,
How do I repay my Professionals loan,
How long can I take to repay my personal loan,
How much can I borrow,
How can I repay my Personal Loan,
Is part-prepayment of a Personal Loan allowed,
How does a Salary Account help me get a personal loan,
Do I need to provide any security or collateral to obtain a personal loan from HDFC Bank,
What is De-pledge,
What is Guarantor,
What is Amortization,
What is Pledge,
What is RTGS,
What is NEFT,
What is SI,
What is CIBIL,
Can I repay the Personal loan earlier,
Which documents should I carry at the time of visiting HDFC bank,
Who can resolve my queries,
What will be done with the post dated cheques if I request to change the mode of repayment/account for my loan,
How can I change the mode of repayment/ account for my loan,
How can I get my address changed in my loan account,
How do I obtain a Duplicate Repayment Schedule for my loan account,
What are the charges I have to pay to change the mode of repayment/ account for my loan,
Are there any additional charges for loan repayment,
How long will it take for my Personal loan to be processed,
What is De-pledge,
What is Guarantor,
What is Amortization,
What is Pledge,
What is RTGS,
What is NEFT,
What is SI,
What is CIBIL,
Which documents should I carry at the time of visiting HDFC bank,
Who can resolve my queries,
How do I obtain a NOC from the bank for settling a partial loss Insurance Claim for a vehicle under finance with HDFC Bank,
How do I obtain a NOC from the bank if my Registration Certificate is mutilated and  I wish to apply for a duplicate Registration Certificate book for a vehicle under finance with HDFC Bank,
How do I obtain a NOC from the bank if I have lost my Registration Certificate book for a vehicle under finance with HDFC Bank,
How do I obtain a duplicate NOC/Form 35 for a vehicle loan that has been closed and fully repaid,
How can I get my address changed in my loan account,
What will be done with the post dated cheques if I request to change the mode of repayment/account for my loan,
How can I change the mode of repayment/ account for my loan,
Who is eligible for a tractor loan,
Can I get a tractor loan for any tractor I want to purchase,
What are the different modes of loan repayment,
Can I pre-pay the entire loan amount,
Do you want to repay the loan earlier than the due date,
Is a guarantor required,
What if I want to repay the loan earlier than the due date,
What is the maximum loan amount I can take on a Tractor Loan,
How do I obtain a duplicate NOC/Form 35 for a vehicle loan that has been closed and fully repaid,
How can I change the mode of repayment/ account for my loan,
How can I get my address changed in my loan account,
How do I obtain a NOC from the bank for settling a partial loss Insurance Claim for a vehicle under finance with HDFC Bank,
What are the charges I have to pay to change the mode of repayment/ account for my loan,
How do I obtain a NOC from the bank if my Registration Certificate is mutilated and  I wish to apply for a duplicate Registration Certificate book for a vehicle under finance with HDFC Bank,
How do I obtain a NOC from the bank if I have lost my Registration Certificate book for a vehicle under finance with HDFC Bank,
What will be done with the post-dated cheques if I request to change the mode of repayment/account for my loan,
How do I utilize this amount,
How many salary credits are required in my existing account to qualify for SmartDraft,
What is the amount I can get as an overdraft,
When will my SmartDraft limit be renewed,
Which locations is SmartDraft available in,
Am I eligible for SmartDraft,
What is De-pledge,
What is Guarantor,
What is Amortization,
What is Pledge,
What is RTGS,
What is NEFT,
What is SI,
What is CIBIL,
Which documents should I carry at the time of visiting HDFC bank,
Who can resolve my queries,
How can I get my address changed in my loan account,
How do I obtain a duplicate NOC/Form 35 for a vehicle loan that has been closed and fully repaid,
How do I obtain a NOC from the bank for fitting an LPG/CNG kit on my vehicle under finance with HDFC Bank,
How do I obtain a NOC from the bank for settling a partial loss Insurance Claim for a vehicle under finance with HDFC Bank,
How do I obtain a NOC from the bank if I have lost my Registration Certificate book for a vehicle under finance with HDFC Bank,
How do I obtain a NOC from the bank if my Registration Certificate is mutilated and  I wish to apply for a duplicate Registration Certificate book for a vehicle under finance with HDFC Bank,
How do I obtain a Duplicate Repayment Schedule for my loan account,
How can I change the mode of repayment/ account for my loan,
What are the charges I have to pay to change the mode of repayment/ account for my loan,
What will be done with the post-dated cheques if I request to change the mode of repayment/ account for my loan,
How much finance can I avail of,
Do I have the option to pre-pay the entire loan amount,
How long will it take to process the loan,
How much time will it take to change the mode of repayment/ account for repayment of my loan,
In which other ways can I get in touch with the bank for details on Two Wheeler Loans,
"If I don’t have an account with HDFC Bank, can I still avail of loans",
What is Grahak Seva Kendra,
Do I need a guarantor,
How do I obtain a NOC from the bank if my Registration Certificate is mutilated and  I wish to apply for a duplicate Registration Certificate book for a vehicle under finance with HDFC Bank,
How do I obtain a duplicate NOC/Form 35 for a vehicle loan that has been closed and fully repaid,
What will be done with the post-dated cheques if I request to change the mode of repayment/ account for my loan,
How do I obtain a NOC from the bank for settling a partial loss Insurance Claim for a vehicle under finance with HDFC Bank,
How do I obtain a NOC from the bank if I have lost my Registration Certificate book for a vehicle under finance with HDFC Bank,
How can I get my address changed in my loan account,
How do I obtain a NOC from the bank for fitting an LPG/CNG kit on my vehicle under finance with HDFC Bank,
How can I change the mode of repayment/ account for my loan,
How do I obtain a Duplicate Repayment Schedule for my loan account,
What are the charges I have to pay to change the mode of repayment/ account for my loan,
What are the documents required for opening a Current Account of a sole proprietorship firm,
Can I transfer my Current Account from one branch to another,
My present status is NRI. What extra documents are required for opening a Sole Proprietorship Current Account,
What are the documents required for opening a Current Account of Limited Liability Partnership,
What documents are required to change the address of an entity,
What are the documents required for opening Current Account of a company,
Who can be a partner in a partnership firm,
What is the time taken to realize outstation cheques,
Can an individual open a Current Account,
Can EEFC Account be opened by Special Economic Zone (SEZ) Units,
What should I do in case I am unable to access my Company's Current Account,
What transactions are included as a part of the free inter-city clearing limit,
How is HDFC Bank Premium CA different from a regular CA offered by most banks,
Must I open Premium Current account in each location where I have my company office,
Can I access my Premium Current Account from any HDFC Bank branch,
With Premium Current Account can I make payments to my suppliers at HDFC Bank Branches through Single Cheque Book,
Can I access my account by telephone to conduct routine daily transactions,
What are included in Bulk Transactions,
What are the documents required for opening a Current Account of a partnership firm,
Can I access my account by telephone to conduct routine daily transactions,
How do I become eligible for an HDFC Bank Regular Current Account,
What are the documents required for opening a Current Account of a partnership firm,
Must I open Regular Current account in each location where I have my company office,
What is the initial deposit amount required to open the Flexi Account,
What should I do in case I am unable to access my Company's Current Account using NetBanking,
Can I access my account by telephone to conduct routine daily transactions,
How is a Flexi Current account different from a regular current account,
What are the documents required for opening a Current Account of a partnership firm,
What transactions are included as a part of the Free Anywhere Transactions limit for a month,
"How much cash can I deposit per month in my home branch, without being charged",
Can I access my account from any HDFC Bank branch,
What is the minimum balance that I need to maintain in a Flexi Current Account,
What is the minimum balance required for an Apex Current account,
Can I access my account from any HDFC Bank branch,
Is it necessary to open Apex Current Account in each location where my company has an office,
Can I make payments to my suppliers at HDFC Bank branches through a single cheque book,
What are the documents required for opening a Current Account of a partnership firm,
Can I access my account by telephone to conduct routine daily transactions,
What should I do in case I am unable to access my Company's Current Account through Net Banking,
How is an Apex Current account different from a regular Current Account,
What transactions are included as a part of the Free Anywhere Transactions limit for a month,
What transactions are included as a part of the Free Anywhere Transactions limit for a month,
Can I make payments to my suppliers at HDFC Bank branches through a single cheque book,
What should I do in case I am unable to access my Company's Current Account through Net Banking,
Is it necessary to open Max Current Account in each location where my company has an office,
Can I access my account by telephone to conduct routine daily transactions,
What are the documents required for opening a Current Account of a partnership firm,
What is the initial deposit amount required to open a Max Current account,
What is the minimum balance that I need to maintain in a Max Current Account,
Can I access my account from any HDFC Bank branch,
How is HDFC Bank's Max Current account different from a regular Current Account,
Must I open an account in each location where I have my company office,
What is the minimum Average Monthly Balance required if I have a Merchant Advantage Current Account,
What are the documents required for opening a Current Account of a partnership firm,
Must I open an Merchant Advantage Current Account in each location where I have my company office,
Can I access my account by telephone to conduct routine daily transactions,
Can I access my Merchant Advantage Plus Current Account from any HDFC Bank branch,
With Merchant Plus Current Account can I make payments to my suppliers at HDFC Bank Branches through Single Cheque Book,
What are the documents required for opening a Current Account of a partnership firm,
Can I access my account by telephone to conduct routine daily transactions,
How is a Merchant Advantage Plus Current Account different from a Regular Current Account offered by most banks,
How is a Merchant Advantage Plus Current Account different from a Regular Current Account offered by most banks,
What is the minimum Average Monthly Balance I have to maintain with a Merchant Advantage Plus Current Account,
What are the documents required for opening a Current Account of a partnership firm,
What are the documents required for opening a Current Account of a partnership firm,
What are the documents required for opening a Current Account of a partnership firm,
What are the documents required for opening a Current Account of a partnership firm,
What are the documents required for opening a Current Account of a partnership firm,
What are the documents required for opening a Current Account of a partnership firm,
What are the documents required for opening a Current Account of a partnership firm,
What are the documents required for opening a Current Account of a partnership firm,
Can I access my account from any HDFC Bank branch,
Can I make payments to my suppliers at HDFC Bank branches through a single cheque book,
Is it necessary to open Ultima Current Account in each location where my company has an office,
Can I access my account by telephone to conduct routine daily transactions,
How is an Ultima Current account different from a Regular Current Account,
What is the minimum balance required for an Ultima Current account,
What transactions are included as a part of the Free Anywhere Transactions limit for a month,
What should I do in case I am unable to access my Company's Current Account through Net Banking,
What are the minimum docs required to open a Institutional current account,
How is an Institutional Current Account  different from a Regular Current Account,
What should I do in case I am unable to access my Institutional Current Account through Net Banking,
Can I access my account from any HDFC Bank branch,
Must I open Institutional Current Account in each location where I have my company office,
What is the minimum balance required for an Institutional Current Account ,
How do I become eligible for an HDFC Bank Institutional Current Account ,
Can I access my account by telephone to conduct routine daily transactions,
Is it necessary to open Institutional Current Account in each location where my company has an office,
What transactions are included as a part of the Free Anywhere Transactions limit for a month,
Can I make payments to my suppliers at HDFC Bank branches through a single cheque book,
What are the permissible Debits from an RFC Domestic Account,
Can I access my account by telephone to conduct routine daily transactions,
Who can open an RFC Domestic Account,
What are the documents required for opening a Current Account of a partnership firm,
What are the permissible credits from an RFC Domestic Account,
In what currencies can I open an RFC Domestic account,
Whether the EEFC balances can be covered against exchange risk,
Is there any restriction on withdrawal in rupees of funds held in an EEFC account,
How much of foreign exchange earnings can be credited into an EEFC account,
What are the permissible credits into EEFC account,
What are the permissible debits into this account,
What are benefits of Smartup Solutions,
What is the offer for Salary Account under Smartup programme,
"If I have a query, do I need to visit the branch",
What are the key features of CMS and eCMS of HDFC bank,
What are Collection Solutions available,
What are the key features of current account,
What are the key features of Payment gateway of HDFC bank,
What are benefits of Payzapp for business,
Who all can open SmartUp Current Account,
What is Smartup Solutions,
What are Payment Solutions available,
I have an existing bank account with other Bank. Can I still open SmartUp Current Account,
I am not a technology Start-up. Can I still open SmartUp Current Account,
Do I get access to all the services offered under Smartup programme once I start banking with HDFC BANK,
Do I need to pay any penalty on premature closure of Fixed Deposits,
Where can I get Fixed Deposit advice from,
Why is the principal amount and the fixed deposit maturity amount of my Fixed Deposit the same,
Does HDFC Bank offer preferential rate of interest on Fixed Deposits for Senior Citizens,
Where can I register for HDFC Bank’s NetBanking facility,
How can I book a Fixed Deposit through NetBanking,
"I have made a Fixed Deposit with HDFC Bank. I want to update my PAN details in the account, how should I update my new PAN details",
What is the time taken to realize outstation cheques,
Whom should I approach for any other service related to HDFC Bank Fixed Deposits,
How can I avail exemption from TDS on interest earned on Fixed Deposits,
How can I prematurely liquidate my Fixed Deposits,
How to Download TDS Certificate through Online,
How to change existing fixed deposit account tenure,
How is TDS deducted,
Can TDS be recovered from my principle of the FD,
When does the Bank issue a TDS Certificate,
Can TDS influence the maturity of my deposit,
What are the implications of booking an FD without PAN,
Will changes to my deposit portfolio affect my TDS liability,
When is TDS deducted for Regular Fixed Deposit,
What documents are required to open a senior citizen Regular Fixed Deposit,
Can I open a joint account with a non-senior citizen for Regular Fixed Deposit,
"As a Regular Fixed Deposit holder, How do I apply for an exemption on TDS",
How to prematurely liquidate the Fixed Deposit Online,
What is the new policy with regards to PAN to book fixed deposit with our bank,
When do I become liable for TDS,
What documents are required to open a senior citizen 5 Year Tax Saving Fixed Deposit,
Will the bank issue a TDS certificate,
"As a 5 Year Tax Saving Fixed Deposit holder, How do I apply for an exemption on TDS",
When is TDS deducted for 5 Year Tax Saving Fixed Deposit,
Does any change or enhancement in my deposit portfolio affect TDS liability,
Do I need to visit branch to receive my 5 Year Tax Saving Fixed Deposit proceeds on maturity,
Can I open a joint account with a non-senior citizen for 5 Year Tax Saving Fixed Deposit,
How to apply for 5 Year Tax Saving Fixed Deposit,
When am I liable for TDS (Tax Deduction at Source),
"If I have a joint Super Saver Account, can both account holders get an ATM/Debit card",
Is the Super Saver Account a normal Savings Account,
What documents are required to open a senior citizen Super Saver Facility,
I’m part of a Trust – can I open a Super Saver Account,
Can I add on a Fixed Deposit,
Will TDS be charged on the gross interest earned or the net interest earned,
Can I have a Super Saver Facility and a Sweep-in Facility on the one Fixed Deposit,
Can I have a Super Saver Facility and a Sweep-in Facility on the same Savings Account,
How can I apply for the Super Saver Account,
Can a joint account be opened with a non-senior citizen,
How does it work,
Can I get an overdraft facility on my fixed deposit funds,
What are the benefits,
How can I apply for the Sweep-in facility,
Can I have both a Super Saver facility and a Sweep-In facility on the same Fixed Deposit,
Will both the principal and interest amount of my Fixed Deposit be considered,
Can I have a Super saver facility and a Sweep-in facility on the same Savings Account,
On what basis the Sweep-in facility gets triggered ,
Can a Fixed Deposit be linked to two different Savings Accounts for the Sweep-in,
Can my Sweep-in facility have multiple deposits,
Can I link accounts held in different account titles to the same Savings Account for the Sweep-In facility,
What is the Sweep-in facility all about,
Is there a nomination facility,
Is there a monthly or quarterly interest pay-out option,
"Can I change the tenure and installment due date, (auto debit date) of my Recurring Deposit",
For what period can I open a Recurring Deposit,
Can I choose my instalment date,
Can partial Payments be made on Recurring Deposits,
What is the maximum deposit amount a Recurring Deposit account can be opened with,
What if certain RD installments are not paid,
How do Recurring Deposits work,
Can I pay more than one instalment at a time,
How Interest Rate is calculated for premature withdrawal of Recurring Deposit,
Is an overdraft facility allowed,
How can I prematurely liquidate my recurring deposit,
What happens if I don’t pay an instalment,
Can my Recurring Deposit be opened in joint names,
Can the first applicant for a Recurring Deposit be a minor,
Can I withdraw prematurely from my Recurring Deposit,
I'm a senior citizen – are there any extra benefits,
How to open a Recurring Deposit,
Can you covert your existing saving account into a pension account,
Any minimum Balance need to be maintained in the account,
When can we open pension accounts,
Is nomination required in the account,
Can a pension account be opened jointly,
What are the charges for collection of outstation cheques,
What is the time taken to realize outstation cheques,
How do I know my beneficiary's details for a cheque issued in my name (Basic Savings Bank Deposit Account - Farmers),
How can I get an International Debit Card with my Basic Savings Bank Deposit Account - Farmers,
What can I do with the NEFT facility,
Are all IVR based calls free,
How do I apply for a Basic Savings Bank Deposit Account - Farmers with HDFC Bank,
How do I know my beneficiary's details for a cheque issued in my name (Kisan Club Savings account),
Is a nomination facility available for lockers,
What are the timings for locker operations,
How many nominees can be added to a single locker,
Can I pay for the rent of a locker through my account,
What is the procedure to add / cancel / modify a nominee in my locker,
What are the tenure options,
When can I open a salary account with HDFC Bank,
I have not received the Welcome Letter and ATM/Debit Card PIN for my new account,
What is the time taken to realize outstation cheques,
What to do if my Account becomes dormant ,
What are the documents required to open a salary account,
Can a salary account have a joint applicant,
Is employment confirmation mandatory for me to open a Classic Salary Account,
What is the time taken to realize outstation cheques,
How can I stop a cheque payment,
Can a Company ID card be accepted as a Photo ID document ,
What is the procedure to add/modify or delete a nominee for all my accounts and deposits,
How long will it take to update a change of address,
Can I use my existing Salary Account if I have changed employers ,
How do I know my beneficiary's details for a cheque issued in my name,
From where can I enquire about the status of my request to change the residential address of my HDFC Bank account,
From where can I enquire about the status of my request to change the residential address of my HDFC Bank account,
How do I know my beneficiary's details for a cheque issued in my name,
Can I use my existing Salary Account if I have changed employers ,
Is employment confirmation mandatory for me to open a Regular Salary Account,
How can I stop a cheque payment,
What are the eligibility criteria for Personal Accident Death Cover,
What is the procedure to add/modify or delete a nominee for all my accounts and deposits,
How long will it take to update a change of address,
What is the time taken to realize outstation cheques,
Can a Company ID card be accepted as a Photo ID document ,
Can I use my existing Salary Account if I have changed employers ,
Can a salary account have a joint applicant,
What is the time taken to realize outstation cheques,
How long will it take to update a change of address,
Is employment confirmation mandatory to open a Premium Salary Account,
What are the eligibility criteria for Personal Accident Death Cover,
How can I stop a cheque payment,
Can a Company ID card be accepted as a Photo ID document ,
How do I know my beneficiary's details for a cheque issued in my name,
From where can I enquire about the status of my request to change the residential address of my HDFC Bank account,
What are the modes of accident covered under Personal Accidental Death Cover,
How do I know my beneficiary's details for a cheque issued in my name,
From where can I enquire about the status of my request to change the residential address of my HDFC Bank account,
Is employment confirmation mandatory for me to open a Defence Salary Account,
What are the eligibility criteria for Personal Accident Death Cover,
What is the procedure to add/modify or delete a nominee for all my accounts and deposits,
Can a Defence ID card be accepted as a Photo ID document (Defense Salary Account),
How long will it take to update a change of address,
What is the time taken to realize outstation cheques,
How can I stop a cheque payment,
Can I use my existing Salary Account if I have changed employers ,
Can a Company ID card be accepted as a Photo ID document (Basic Savings Bank Deposit Account - Salary),
Is address proof a mandatory requirement (Basic Savings Bank Deposit Account - Salary),
How can I stop a cheque payment,
Can I use my existing Basic Savings Bank Deposit Account - Salary if I have changed employers,
What is the time taken to realize outstation cheques,
Is employment confirmation mandatory for me to open a Basic Savings Bank Deposit Account - Salary,
What is the procedure to add/modify or delete a nominee for all my accounts and deposits,
How long will it take to update a change of address,
How do I know my beneficiary's details for a cheque issued in my name,
From where can I enquire about the status of my request to change the residential address of my HDFC Bank account,
How do I know my beneficiary's details for a cheque issued in my name,
From where can I enquire about the status of my request to change the residential address of my HDFC Bank account,
What is the procedure to add/modify or delete a nominee for all my accounts and deposits,
What do I need to do to open a joint account,
Will I be able to access both my accounts at all establishments/ATMs through a single Debit Card,
Will I earn interest on the Reimbursement Account,
Why do I need a Reimbursement Account,
Will I be entitled to the same kind of benefits on this account as my Salary account,
What is the time taken to realize outstation cheques,
How long will it take to update a change of address,
How can I stop a cheque payment,
Can I use this account for regular cheque/ cash deposits & withdrawals,
Can I have multiple Zero Balance Salary Account with your Bank,
What is the rate of interest I will earn on the balance in my Savings Account,
What happens if I don't use my savings account for a very long time,
How do I register for Email Statement/s,
How can I change / add the email ID in my account,
How do I update my PAN number,
What is the time taken to realize outstation cheques,
How can I request for Physical Statement/s,
Reissuance of ATM/Debit Card PIN,
How can I change / update the address for my account,
How do I activate a 'Dormant' Savings Account,
How Do I Change / Add my Mobile Number,
How can you transfer your Savings Account from one branch to another,
What are the documents required to open a New Savings Account,
What is the frequency of interest payout for a Savings Account,
Can I get a  Debit Card linked to my Institutional Savings Account,
What is the general documentation requirement to open an Institutional Savings Account,
Can unregistered institutions open an Institutional Savings Account,
Can transactions be done at any HDFC Bank branches,
My institution will start receiving foreign contribution. Can I receive the same in the Institutional Savings Account ,
Can funds be credited to an FCRA account simply after the account is opened,
Is there an AMB (Average Monthly Balance) declaration required to be submitted along with the documents for an Institutional Savings Account,
Can NetBanking facility (financial rights) be enjoyed by  authorized signatories in the Institutional Savings Account,
What is the AMB (Average Monthly Balance) requirement of the Institutional Savings Account,
Do I need to close my account when my kid attains majority,
How long the Standing Instruction given will be valid,
Is the primary Customer ID of the Kids Advantage account will be same as my Customer ID,
What are the documents required to open a  Savings Account,
What do you mean by exclusions under the Accidental Protection Plan - Hospital Cash,
Can I include my spouse in this the Accidental Protection Plan - Hospital Cash policy,
How do I make a claim,
When does my Revive Policy for Personal Accident start,
What plans are available under  the Revive Policy for Personal Accident ,
What benefit do I get from the Revive Policy for Personal Accident if I break my bones,
Is there an age limit to buy an  Accidental Protection Plan - Hospital Cash policy,
Who can be a beneficiary under the Accidental Protection Plan - Hospital Cash,
How do I renew my Accidental Protection Plan - Hospital Cash policy,
Will I get a renewed Revive Policy for Personal Accident policy,
What is the definition of a dependent child,
Does  the Accidental Protection Plan - Hospital Cash policy cover natural death and daily sickness as well,
Does this the Revive Policy for Personal Accident cover natural death and daily sickness,
What benefit do I get from the Accidental Protection Plan - Hospital Cash policy if I break my bones,
How do I make my premium payments for my Accidental Protection Plan - Hospital Cash policy,
What is an accident,
When does my Accidental Protection Plan - Hospital Cash policy start,
What is the definition of a dependent child,
Does  the Accidental Protection Plan - Hospital Cash policy have a hospital cash benefit,
What is the cancellation procedure,
Does this the Revive Policy for Personal Accident have hospital cash benefit,
What do you mean by exclusions under the Revive Policy for Personal Accident,
How many members can be included under the Family Plan of the Revive Policy for Personal Accident,
Is there an age limit to opt for a Revive Policy for Personal Accident,
Why should I purchase Critical Illness Insurance,
What is Critical Illness Insurance,
Can I make multiple claims for the same or any other listed Critical Illness,
What is meant by disease under the Critical Illness - Platinum Plan,
What are the available plans under the Critical Illness policy,
Who do I contact in the case of a claim under the Critical Illness policy,
What are the benefits under  the Critical Illness - Platinum Plan,
What is a Benefit Policy,
What are the medical tests that I need to undergo to enrol myself for the  - Platinum Plan policy,
What documents are required at the time of a claim,
How do I make a claim under the Accidental Protection Plan - Hospital Cash policy,
What do you mean by pre-existing diseases not covered under the Critical Illness plan,
Is there any tax exemption under the Health Suraksha policy,
Is there any eligibility criterion to purchase this the Critical Illness policy,
What is meant by disease under the Critical Illness - Platinum Plan,
Can I make multiple claims for the same or any other listed Critical Illness,
Are there any eligibility criteria to purchase this the Critical Illness - Platinum Plan ,
What is Critical Illness insurance,
Why should I buy Critical Illness insurance,
How do I make a claim under the Accidental Protection Plan - Hospital Cash policy,
What documents are required at the time of a claim,
Who do I contact in the case of a claim under the Critical Illness - Platinum Plan,
What are the medical tests that I need to undergo to enrol myself for the  - Platinum Plan policy,
Why should I buy Critical Illness insurance,
What are the benefits under  the Critical Illness - Platinum Plan,
Is there any tax exemption under the Health Suraksha policy,
What do you mean by pre-existing diseases not covered under the Critical Illness - Platinum plan,
What is cumulative bonus,
What is meant by Day Care Procedures,
What are Pre and Post hospitalisation expenses,
What are the benefits of a health card,
Do I need to pay for hospitalisation,
What are the medical tests that I need to undergo to enrol myself for  the Critical Illness policy,
What is Family Floater and what are its features,
What is meant by disease,
What are domiciliary hospitalisation expenses under the Health Suraksha policy,
How do I make a claim under the Accidental Protection Plan - Hospital Cash policy,
What is meant by Network Hospitals,
Are there any special discounts available under the Health Suraksha policy,
What do you mean by pre-existing diseases,
What is a hospital/nursing home,
Are all Health Suraksha policy holders eligible for a health card,
Why do I need health insurance,
What is covered under the Ayush benefit,
What are the benefits under  the Health Suraksha policy,
What is an injury or injuries,
What is meant by non-network hospitals,
What is meant by Organ Donor Expense,
What do you mean by pre-existing diseases,
Who do I contact to submit a claim under Health Suraksha policy in case of hospitalisation,
Is there any tax exemption under the Health Suraksha policy,
What are the plans available under this policy,
Is there any eligibility criterion to purchase this the Health Suraksha policy,
What is the benefit of broken bones under this policy,
How do I make a claim,
How do I renew my policy,
Will my accident policy cover me even if I am out of the country,
Does this policy have hospital cash benefit,
Does this policy cover natural death and daily sickness also ,
What is the definition of a dependent child,
Who can be the beneficiary,
How many members can be included under the Family Plan,
What kind of documentation is required,
What do you mean by exclusions,
When does my policy start,
Is there an age limit for opting Individual Personal Accident Plan 2 policy,
What are the benefits payable under this policy,
How do I make my premium payments,
Can I include my parents in this policy,
What kind of benefits is my spouse and children entitled to,
What are the available plans with under this policy,
Will I get a renewed policy,
What is the Cancellation procedure,
How do I make my premium payments,
What is an accident,
Can I include my parents in this policy,
How do I renew my policy,
What is an accident,
What is the Cancellation procedure,
How do I make my premium payments,
What is an accident,
Is there an age limit for opting HDFC Ergo Personal Accident Insurance policy,
Till what age the HDFC Ergo Personal Accident Insurance policy can be renewed,
What do you mean by exclusions,
Does this policy cover natural death and daily sickness also,
Who can be the beneficiary,
Will my accident policy cover me even if I am out of the country,
Does the threshold/deductible limit consist of single claim or multiple claims,
Is there any co-payment applied on this policy,
Do I need to undergo medical test for buying this policy,
What are the Medical test charges,
What is the minimum and maximum deductible in this plan,
What is the entry & exit age for this policy,
Can I also include my parents and parent- in-laws in this policy,
Is it mandatory to inform change in health condition in writing while renewing Super Top Up plan,
"If the claim amount is 6 lakhs, how much will be paid by HDFC Ergo General Insurance",
What are the documents required,
Will the continuity benefit (2years) be given on Super Top Up plan as well,
Does pre-existing cover start after 4 years or 3 years,
Chemo & dialysis does not required local or general anesthesia will it be cover under day care,
Do we have any loading on pre-existing ailments,
A person undergoes for dialysis 4 times in a week will it be covered if the basic deductible is exhausted,
Can I cover my family members in this policy,
Will I get tax benefit if I cover my family on individual Sum Insured basis,
What will be the start date of my insurance policy,
"If I have a home insurance policy with two different companies, will I benefit from both",
Is there an age limit on the property for it to be insured,
What are the documents required to be submitted in case of a home burglary claim,
What happens to the home insurance policy if the insured house is sold,
"What is the difference between burglary, theft and larceny",
Can a HUF/ Leased (Mhada/Cidco) property be insured,
When is an FIR necessary in a Home Insurance claim,
What happens after the Home Insurance claim is registered,
How will I know my Home Insurance policy is due for renewal,
What is the Home Insurance premium charged for fire and special peril cover and burglary and theft cover,
Do you offer any discounts for Home Insurance,
Can a laptop be covered under a Home Insurance policy,
How do we value the property under home insurance,
Is an FIR necessary for a property damage claim under the Home Insurance policy,
Can an entire society or building be covered under your Home Insurance policy,
What property is not covered under home insurance,
What are the eligibility criteria to avail a Home Insurance policy,
Why do I need a Children’s Plan,
Will I also be able to save tax through a Children’s Plan,
What are the factors to consider while buying a Children’s Plan,
Does HDFC SL offer Unit Linked plans within its entire range of Children’s Plans,
Should I buy a plan in my Child’s name or in my own name,
What is the surrender benefit,
Can I take any loan,
What are the exclusions available under the Plan,
What are the fund choices,
What are the Plan option available,
What is the Settlement Option,
What is the min-max age at entry/maturity,
What is the Maturity Benefit under the plan,
What is the premium frequency available under the policy,
Can the plan be offered under limited underwriting,
Do I have an option to avail of loans under the policy,
When does the plan acquire Guaranteed Surrender value,
What is the limited pay term available under the plan,
What is the Death-Benefit under the plan,
What is the exclusion in the plan,
What is a retirement plan,
Will automatic conversion of vesting benefit to annuity happen,
What are the additional servicing charges,
What type of bonuses is this plan eligible for,
What are the conditions on revival,
Why can't I have liquidity of complete amount on surrender,
Can the vesting age be post-poned or pre-poned,
Are all additions guaranteed,
Is sum assured a death benefit,
What are the conditions on revival,
Will sum assured be used to calculate any benefits,
Should I choose a Unit Linked or a non – Unit Linked plan,
What do you mean by ‘switching funds’,
What are the different types of Savings Plans,
How can a policyholder track the performance of a policy fund,
Can I take this plan without going for medicals,
What is the premium frequency available under the Plan,
What is the surrender benefit under the plan,
Can I take any loan,
What are the fund choices,
What is the Settlement Option,
Can I take any loan,
What are the fund choices,
What happens if premiums are not paid,
What is the surrender benefit,
What is the Settlement Option,
What are the fund choices,
Can I take any loan,
What is the surrender benefit,
What happens if premiums are not paid,
What is the Settlement Option,
What are the different types of Savings Plans,
What is meant by a ‘With Profits’ plan,
Should I choose a Unit Linked or a non – Unit Linked plan,
What are the benefits of a retirement plan,
What is an Retirement Plan,
What is HDFC Life New Immediate Annuity Plan,
Why do I need Health Insurance,
Is Health Insurance the same as Life Insurance,
What is the policy term of the plan,
Will the policyholder get a premium discount in cases where there is no claim submitted in the previous year,
Who all can be covered under the Family Floater Plan,
Which are the factors one should consider while choosing a Health Insurance Plan,
Can the policyholder get cashless services in case of hospitalization in a non-network hospital,
What are Tax Benefits,
Why should I buy HDFC Life Health Assure Plan,
What is the amount of tax that can be saved,
Will a policyholder's premium increase in the next year if he makes a claim in the current year,
Where can the policyholder get the list of Network Hospitals,
Can I insure my children in the Family Floater Plan,
What is the difference between fixed benefit health insurance plans and reimbursement health insurance plans,
What are the services offered by TPA,
What is Health Insurance,
What is the co pay that will need to be borne by the Life Insured in case of hospitalization in non network hospitals,
What is the maximum age limit for buying this Plan,
What is the Maturity Benefit under the plan,
What is the min-max age at entry/maturity,
What is the premium frequency available under policy,
Can the plan be offered under limited underwriting,
What is the exclusion in the plan,
Do I have the option to avail a loan under the policy,
Can I withdraw before maturity,
What is the Surrender Benefit,
What happens if Premiums are not paid,
What is the Death-Benefit under the plan,
What is the exclusion in the plan,
When does the plan acquire Guaranteed Surrender value,
Do I have option to avail loan under the policy,
Is there any option available for monthly payout,
What is the Guaranteed Base Income under the plan,
What is the Death Benefit under the plan,
What is the premium frequency available under policy,
What is the premium frequency available under policy,
What is the minimum/maximum Policy term/Premium payment term,
What is the minimum/maximum age at entry/maturity,
What is the exclusion in the plan,
What is the Maturity Benefit under the plan,
When does the plan acquire Guaranteed Surrender value,
Can the plan be offered under limited underwriting,
What is the Death-Benefit under the plan,
When does the plan acquire Guaranteed Surrender value,
What is the premium frequency available under policy,
How do I choose from options available under this plan,
Do I have option to avail loan under the policy,
Can I take monthly payouts instead of annual payouts,
What is the exclusion in the plan,
Will the basic death benefit amount be reduced by the survival benefits already paid,
What payouts will I get under different plan options,
Can I change my maturity/death benefit options during the policy term,
What are Guaranteed Additions under this plan,
What is the Death-Benefit under the plan,
What is the Policy term/Premium payment term,
Can the plan be offered under limited underwriting,
Do I have option to avail loan under the policy,
What happens in case of me wanting to surrender my policy,
What is the min-max age at entry/maturity ,
What is the exclusion in the plan,
What are the charges under this policy,
What is the Death-Benefit under the plan,
What is the policy term available under the plan,
Is this plan only available online,
Why is HDFC Life C2P+ Extra Life Cover important,
Does this plan offer tax benefits,
How long will my family get the monthly income for,
What is the difference between Income and Income Plus Option,
I am a NRI. Can I Invest in this plan,
What is the limited mode of premium pay,
Is there a loan facility in my policy,
Can I do a partial withdraw from my fund,
Can I terminate my policy,
For how many years can I stay invested in this plan,
Why is this plan good for me,
What are the charges applicable for this plan,
What is the maximum amount I can invest,
What is the minimum premium that needs to be paid,
Can I surrender this policy,
How is this plan different from other ULIPs,
What kind of returns will I get by investing in this plan,
Are there medicals involved to buy this plan,
What is the frequency in which I can invest my money,
What are the various fund options in this plan,
Can I save tax by investing in this policy,
Can I buy more than one policy,
What is a settlement option,
How is the Fund Value calculated,
What do I get at the end of the policy term,
What will my family receive in case of my unfortunate demise,
Is there any protection cover in this plan,
What are the different plan options under the plan,
What will I be getting on maturity,
What is the exclusion in the plan,
What is the limited premium payment term available under this policy,
What are the guaranteed benefits that are there in the policy,
What is the death benefit under this plan,
Is there any Accidental Death Benefit in the policy,
What are the premium paying frequencies that are available under this policy,
Do I have option to avail loan under the policy,
What is the duration of the policy term in case I choose 'Endowment' or 'Endowment with Whole Life' option,
When does the plan acquire Guaranteed Surrender value,
What is the HDFC Life Cancer Care Policy,
What are the Plan Options available for this product,
What is the discounted Premium on higher Sum Assured,
Would I have to go for any medicals,
Can I opt for this plan if I have a pre existing Cancer,
Is there any death benefit for this plan,
Is there any maturity benefit for this plan,
Is there any Surrender benefit for this plan,
Can I save tax by investing in this policy,
What is Extra Life Option in the policy,
What are the Plan options available,
What are the exclusions available under the Plan,
Can I do any free switch or premium redirection under the plan,
What are the fund options,
Can I take any loan,
How is the Fund Value calculated,
What is the surrender benefit,
What is the minimum premium that needs to be paid,
What is the death benefit under this plan,
What is the maximum amount I can invest,
What are the premium paying frequencies that are available under this policy,
For how many years can I stay invested in this plan,
Is there any Loyalty Additions under the Plan,
What do I receive on Maturity,
What happens if premiums are not paid,
What is the Settlement Option,
Can I buy more than one policy,
Can I do a partial withdraw from my fund,
What are the features that are available with HDFC Life Uday,
What is the minimum premium that I need to pay in order to take an HDFC Life Uday Policy,
What if I miss one of my due premiums,
When does my policy acquire a Guaranteed Surrender Value (GSV),
Can I take a loan under HDFC Life Uday in case I need money during any emergencies,
What are the minimum and maximum age limits for investing in HDFC Life Uday,
What is the rate of Guaranteed Additions that s available in this policy,
What is the death benefit that I receive if I choose HDFC Life Uday,
What is the maturity benefit that I receive if I invest in this plan,
Is there any discount if I choose higher premiums,
What are the Policy Terms and Premium Payment Term options available under HDFC Life Uday,
What if I need the money for an emergency,
What is so special about this product,
What would be the annuity rates at the time of maturity,
I have 30 years to my retirement. Why do I need to plan now,
Are top-ups allowed in this plan,
What are the steps involved to purchase this policy quickly in case I am travelling and do not have much time,
I don’t want to wait till 60 years for retirement. Is there a way out,
What is the HDFC Life Assured Pension Plan,
Why should I buy HDFC Life Assured Pension Plan,
HDFC Life APP is a ULIP Plan. Why don’t I get to choose the funds in this plan,
Are there any tax benefits available,
I have other sources of income. Do I still need to plan for retirement,
How would you utilise my funds,
Do I get a life cover from this plan,
Can I exercise the freelook option in this policy,
Can I get a loan or partial withdrawal on this plan,
When do I get to choose the annuity option,
What is HDFC Life Easy Health Plan,
What are the different plan options available under this product,
Would I have to go for any medicals,
What are the different Sum Insured options available underthis product,
Are there any Tax benefits with this product,
Are there any exclusions under this product,
What if I don’t/miss to pay premiums,
What if I don’t/miss to pay premiums even in the Grace period,
Can I reinstate the policy if it is lapsed,
Is there any death benefit under this product,
Is there any Surrender benefit under this product,
What are the different benefits available under this product,
Are there any other terms and Conditions,
Is there any maturity benefit under this product,
How will the Pay Out happen for this plan,
What is the policy term available under this product,
What are the premium payment frequencies available under this product,
Is there any eligibility criteria under this product,
What are the minimum and maximum premiums available under this product,
What is HDFC Life Capital Shield,
What is the Policy Term available in this plan,
What is the Death Benefit this plan,
What is the Maturity Benefit available under this plan,
Are there any exclusions in this plan,
What are the age limits for this plan,
What are the key features of this plan,
What is the difference between Life and Extra Life options,
What are the benefits available under Income option,
What is the difference between Income and Extra Life Income options,
What is the difference between 3D Life and 3D Life Long Protection options,
What is Life Stage Protection feature,
What is Accidental Total Permanent Disability (ATPD),
How many Critical Illnesses are covered under 3D Life & 3D Life Long Protection options and what is the benefit associated with them,
What is Top up option,
What is the Policy Term available under this plan,
How many plan options are available under this plan,
Is this plan only available online,
What is the difference between Life and 3D Life options,
What is the difference between Life and Return of Premium options,
What is the difference between Life and Life Long Protection options,
Are there any alterations allowed under this plan,
Does this plan offer tax benefits,
What are the benefits available under Life Option,
What does 3D stand for in HDFC Life Click 2 Protect 3D Plus,
Do I need to have Auto Insurance,
Do I need to lodge an FIR in case of an accident,
"During the policy period, if I add accessories like a music system in my vehicle, are they also covered",
What is IDV (Insured’s Declared Value),
What is salvage and what happens to it,
What documents do I need to submit when buying Insurance for my vehicle,
Are there any specific exclusions under a Motor Policy,
Can I buy a Motor Insurance policy online,
Can I pay the premium for my Auto Insurance in instalments,
Can I renew my Motor policy online,
Can I renew other insurer policies with HDFC ERGO online,
How is the premium for Motor Insurance calculated,
What is a Motor Insurance cover note,
What documents need to be submitted when I make a claim under my Motor Insurance policy,
Will HDFC ERGO General Insurance give me an advance on the basis of a damage estimate under the Motor Insurance policies,
What if I misplace my Motor Insurance policy document,
What is meant by total loss under the Motor Insurance policy,
What is a No Claim Bonus (NCB) under a Motor Insurance policy,
What is HDFC ERGO General Insurance role in a third party injury/property damage suit,
What are the different classes of vehicles which can be insured by HDFC ERGO,
How do I renew my Commercial Vehicle Insurance policy,
What are the different types of Personal Accident Covers available for drivers and passengers,
What are the different types of  Commercial Vehicle Insurance available,
What are the different types of  Commercial Vehicle Insurance available,
What are the different types of Personal Accident Covers available for drivers and passengers,
How do I renew my Commercial Vehicle Insurance policy,
What are the different classes of vehicles which can be insured by HDFC ERGO,
Can HDFC Ergo Student Travel insurance suraksha policy be extended,
Cab sum assured be extended,
Can the policy be cancelled,
Where one can avail the claim form,
What does “deductables” means,
For how many days policy can be extended,
How Do I extend my HDFC Ergo Student Travel insurance surakshapolicy,
When do I have to submit a medical exam,
What is the benefit under Hijack Distress Allowance,
Is travel insurance mandatory,
What are the various HDFC ERGO Travel Insurance policies,
What is covered under Delay of Checked Baggage,
What is covered under the benefit Loss of Checked Baggage,
Are ambulance charges covered under a Travel Policy,
Can a foreign national be covered under a Travel Policy,
Why do I require Travel Insurance,
Will a claim in a Travel Insurance policy be settled on return to India,
Do I have to go through a medical exam for a Travel Insurance policy,
Can I claim under both Loss of Checked Baggage and Delay of Checked Baggage,
What are the medical reports that need to be submitted to avail of Travel Insurance,
What does Medical Repatriation and Evacuation cover under Travel Insurance,
Can I avail of a cashless facility for hospitalisation under Travel Insurance,
Is loss of passport covered under Travel Insurance,
Can be the Travel Insurance policy be cancelled,
Where can I get a claim form for Travel Insurance,
Does the Travel Insurance policy cover loss of cash/Credit Card,
Can I be insured for a trip of any duration under the Travel Insurance policy,
Does the Travel Insurance policy cover pre-existing diseases,
Can a Travel Insurance policy be extended,
Can the Travel Insurance plan coverage period be reduced,
Who do I contact in the case of hospitalization when covered under Travel Insurance,
Who do I contact in the case of hospitalization,
Where can I get the list of hospitals extending the cash facility,
For how many days can the Travel Insurance policy be extended,
What are the eligibility criteria for a Travel Insurance policy,
Who do I contact for a claim on the Travel Insurance policy,
Is emergency financial assistance provided under Travel Insurance,
Which Mutual Funds are ISA enabled,
How can I close my Online Mutual Fund Account as well as the Bank account linked with it,
I am an NRI residing outside India. How do I get myself KYC Compliant,
"If I change my address/Bank account /Nomination, what do I need to do",
"In case of existing investors, when and how will the KYC norms be introduced",
How do I buy Mutual Funds over the Net,
How can I use Mobile Banking to manage my Mutual Funds account,
What is the process of application for Rights Issue under ASBA,
What about a Minor becoming a Major,
How can I Buy/Sell Mutual Funds,
How can I change the default Bank Account that is linked to my HDFC Bank Online Mutual Funds Account,
What is the procedure to close my Investment Service account,
How much am I charged for this service,
Can I cancel a transaction,
Is the KYC acknowledgement a separate form or is it a part of the Mutual Fund application. Which of the forms require being time-stamped,
How do I transact in Mutuals Fund after completing the KYC process,
Can I sell/redeem schemes bought offline through online,
How do I buy Mutual Fund over the Net,
How can I register for this service,
"As an NRI, can I buy Mutual Fund Units in the Portfolio Investment Schemes (PIS) account",
When will I be able to view the unit holdings in my account from the time of purchase,
Are there any special requirements for an NRI to invest in Mutual Funds,
Will I get an online confirmation of my transactions,
"After the  First purchase, can I invest in the same AMC again on the same day",
What is a KYC Application Form,
What if I have already obtained a MIN,
Who can open an Investment Services account,
What are the advantages of investing in SIP,
What happens if I have multiple folios/accounts with a Mutual Fund,
What if I forget my customer ID/ IPIN number,
What are the schemes available to the customers,
Do I need to inform about my change of Income status,
What are the KYC requirements for a Mutual Fund Investor,
How do I convert my existing portfolio of Mutual Fund units to an Online Mutual Fund portfolio,
Is there any special requirement for a PIO (Person of Indian Origin),
Should I visit a PoS personally to obtain KYC Compliance,
What are the consequences of KYC cancellation/rejection,
"I do not have an account with HDFC Bank, but would like to invest in Mutual Funds. What do I do",
"Who do I inform about change of name/address/status/signature, etc.",
How is online investing more convenient,
Is there a minimum transaction amount for each scheme,
Is there a charge I need to pay to get myself KYC Compliant,
Does the KYC Acknowledgement have an expiry date,
Why should I invest in SIP's right now,
From what date is it mandatory for me to be KYC Compliant,
Is there any transaction charge for placing the transaction offline or online,
Can I transact anytime during the day,
Can I transact on a holiday,
How will I receive the redemption amount,
How will I receive the Dividend Pay amount,
How do I redeem Mutual Fund units over the Net,
"Whom do I inform about change of name/address/status/signature, etc.",
Can an investor give a COA (Change of Address) along with a redemption request,
How can I update my E-mail ID in my Online Mutual Fund Account,
What is FATCA/CRS/KYC,
What Is KYC,
What are the cut-off timings for the Investment Services Account,
How can I open an Online Mutual Fund Account with HDFC Bank,
Can I cancel/ modify my bid placed under ASBA during the bidding period,
What products can I trade in using my trading account,
"I have sent in my application, what happens next",
What is ASBA option while applying for an IPO,
Who can open a Securities Trading account with HDFC securities,
Which are the various channels through which I can trade or invest,
Can I withdraw the amount blocked for ASBA bid application,
What do I need to submit to place an IPO/NCD order through my HDFC Securities Trading Account,
Who can trade in derivatives with an HDFC Securities Trading Account,
What is the difference between the Non-ASBA IPO process and the ASBA IPO process,
Who can trade in derivatives with an HDFC Securities Trading Account,
What are the call charges applicable if I use the Call ‘N Trade facility to trade in securities,
What are the call charges for offline customers of an HDFC Securities Trading Account,
How many bank and depository accounts can I link to a trading account,
What do I need to submit to place an IPO/NCD order with my HDFC Securities Trading Account,
How do I know my application has been accepted,
Can I cancel or withdraw my IPO application (or bid) submitted using ASBA,
Can I revise the bid,
How many ASBA applications can be made by blocking a single Bank Account,
What is the difference between the Non-ASBA IPO process and the ASBA process,
Who can apply for ASBA,
"If I made an application through ASBA and money in my Savings Account is blocked, will I get interest for that period",
Is it possible to bid for an IPO under ASBA as well as under non-ASBA,
What is the time limit to submit the form at a designated HDFC Bank branch,
Can I still approach my broker to apply for an IPO,
Can I bid at multiple rates under ASBA,
When will the Bank lock money in my Account for ASBA payments,
What is ASBA,
What happens when the issue fails/is withdrawn,
What will be the benefit to me if I apply for an IPO under ASBA,
"If I am a NRE/NRO customer, can I apply for ASBA",
Is priority in allotment given to applications bid under ASBA facility,
Is it possible to withdraw the amount blocked for IPO applications through ASBA,
Will the bank charge any additional fees if I choose the ASBA Payment Option,
Is any additional documentation required for availing the ASBA facility,
"If I want to apply physically for an IPO through ASBA, what should I do",
I do not have a Bank account with HDFC Bank. Can I still apply through your Bank for IPOs using HDFC Bank`s ASBA process,
The gold rate in the newspaper is lower than HDFC Bank’s gold rate. Why are the gold bar sold by HDFC bank more expensive that those sold in the market,
Are there any taxes applicable on Mudra Pure Gold Bars,
How are Mudra Pure Gold Bars different from 24 carat gold available in market,
What form is Gold being sold,
Will HDFC Bank buy back the gold sold by them,
What is the authenticity proof,
What is the Assay Certification about,
What are the features of HDFC Bank Mudra Pure Gold Bars,
How will HDFC Bank sell the gold,
Will you buy back Gold Bars purchased from your bank / branch,
Will you give me a bill when I purchase Mudra Pure Gold Bars from HDFC Bank,
Do the bars have authenticity proof,
From where can I get today’s price of Mudra Pure Gold Bars,
Is HDFC Bank venturing into gold/bullion market,
Is the gold imported,
What is the price that the gold will be sold at,
In what size and shape are the Mudra pure Gold Bars available,
In what weight are the gold bars available,
What are the different weights Mudra Pure Gold Bars are available in,
What is the price that the silver will be sold at,
Is HDFC Bank venturing into silver/bullion market,
What is the authenticity proof,
Will HDFC Bank buy back the silver sold by them,
In what weight are the silver bars available,
What is the Assay Certification about,
What is the purity factor of silver,
What form is silver being sold in,
How will HDFC Bank sell the silver,
In what form are these bonds issued,
Is a nomination facility available,
What bond options are available,
How much tax do I have to pay,
What is the minimum and maximum limit for investment in the 8% Savings (Taxable) Bonds,
What is the tenure of the 8% Savings (Taxable) Bonds,
Are the 8% Savings (Taxable) Bonds transferable,
How much interest will the 8% Savings (Taxable) Bonds bear,
Can I claim exemption under exemption under 54C with the exemption 54 and 54EC,
What is the rate of interest for these bonds,
What is the block period for the investment,
Which bonds are eligible under the Section 54 EC,
Can I take a loan on these bonds,
What is the maximum investment limit for the Section 54 EC- Capital Gain Bonds,
What are the benefits of InvestTrack,
What is the requirement to avail of the InvestTrack facility ,
Who can avail of the InvestTrack facility,
Can I use e-Monies NEFT for foreign remittances,
Is the e-Monies NEFT system better than the existing RBI-EFT system,
What information is required to use the e-monies NEFT service,
"If the money is not credited to the beneficiary’s account while using the e-monies NEFT service, will I get it back",
How does the e-monies NEFT service differ from RGTS and EFT,
What are the charges for the e-monies National Electronic Funds Transfer service,
How do I check the IFSC of the receiving branch,
How is RTGS different from National Electronic Funds Transfer (NEFT),
What is RTGS Funds Transfer,
Are there minimum or maximum limits for RTGS transfers,
What information do I need to provide when using the RTGS funds transfer service,
What are the charges for the RTGS funds transfer service,
How long does it take for funds to be transferred from one account to another,
"If the money is not credited successfully, will the remitting customer get the funds back",
What is the procedure to follow if my Debit Card PIN is blocked,
Why is 2nd Level authentication made mandatory for all Card related online transactions,
Can I use my Debit Card to pay online,
What should I do if my Debit Card is not working,
How do I enable International Usage on my HDFC Bank Rewards Debit Card,
What are the Debit Card transaction fees if I swipe my card at Petrol pumps or Railway stations,
What is the procedure to replace a damaged Debit Card,
Why is the customer required to fill a cardholder dispute form (CDF) to report transaction dispute,
What is the time frame to resolve Domestic ATM transaction disputes,
What is the time frame to report Debit Card transaction dispute,
Which documents are to be submitted with respect to the failed/ disputed transaction,
How do I report such service/merchant related transaction dispute incurred using my Debit Card transaction,
What is a service dispute,
What is the time frame to resolve Purchase/ Online & International ATM transaction disputes,
Are there charges I should know about Imperia Platinum Chip Debit Card,
What should I do in the case of a void transaction Imperia Platinum Chip Debit Card,
Where can I use my EasyShop Platinum Debit Card,
Are there any transaction limits for Imperia Platinum Chip Debit Card,
What should I do in the case of a void transaction for Platinum Debit Card,
Where can I use my EasyShop Platinum Debit Card,
Are there transaction limits for Platinum Debit Card,
Are there charges I should know about Platinum Debit Card,
What should I do in the case of a void transaction for Titanium Royale Debit Card,
Where can I use my EasyShop Titanium Royale Debit Card,
Are there charges I should know about Titanium Royale Debit Card,
Are there transaction limits for Titanium Royale Debit Card,
What should I do in the case of a void transaction for Gold Debit Card,
How do I claim Personal Accident Death Cover for Gold Debit Card,
Where can I use my EasyShop Gold Debit Card,
Are there extra charges for Gold Debit Card,
Are there transaction limits for Gold Debit Card,
Where can I use my EasyShop Titanium Debit Card,
Are there any charges to be aware of for Titanium Debit Card,
What are the transaction limits for Titanium Debit Card,
What should I do in the case of a void transaction for Titanium Debit Card,
What should I do in the case of a void transaction,
What should I do in the case of a void transaction for International Debit Card,
Are there charges I should know about International Debit Card,
Where can I use my EasyShop International Debit Card,
Are there transaction limits for Debit Card,
Are there extra charges for International Business Debit Card,
Where can I use my EasyShop Business Debit Card,
What should I do in the case of a void transaction for International Business Debit Card,
Are there transaction limits for Business Debit Card,
What should I do in the case of a void transaction for Womans Advantage Debit Card,
Where can I use my EasyShop Woman’s Advantage Debit Card,
Are there extra charges for Womans Advantage Debit Card,
What if Womans Advantage Debit Card is lost or stolen,
Are there transaction limits for Womans Advantage Debit Card,
Are there extra charges NRO Debit Card,
Where can I use my EasyShop NRO Debit Card,
What should I do in the case of a void transaction for NRO Debit Card,
Are there transaction limits for NRO Debit Card,
Can the JetPrivilege HDFC Bank World Debit Card be taken by public / private / partnership firm,
How will I earn the JPMiles on my JetPrivilege HDFC Bank World Card,
When will I get my Enrollment Benefits on the JetPrivilege – HDFC Bank World Debit Card,
Can a chip card be used for online transactions,
Will the Rs.750 discount voucher be applicable only on booking done on jetairways.com,
What if I want to use my Debit Card internationally,
Can I use the RuPay Platinum Debit Card to pay online,
Where can the RuPay Platinum Debit Card be used,
Can I use the RuPay ATM card at Merchant outlets or on Ecom website,
What should I do in the case of a void transaction for Rewards Debit Card,
What are the transaction limits for Rewards Debit Card,
Are there charges I should know about HDFC Bank Rewards Debit Card,
Can a chip card be used for online transactions,
What is Times Points,
Where should I contact or write to know about the existing offers on my cards,
Where should I contact or write for my doubts or queries,
How Can I get my Times Points Debit Card,
"Except for digital media consumption, what is the other medium of earning Times Points",
"If I hotlist my card, will I get deregister from the Times points program",
How do I reset my password,
Why Should I take this card,
How much of Times points will I earn for each activity on TIL,
Where can I burn my accumulated Times points,
When will I get my enrollment Times points,
How long can I keep my earned Times points,
What are the Terms and Conditions for the offers at my disposal,
What is the validity of the offers,
"I am already member of Times points, do I need to register again",
Which all Times group digital properties offer times points,
Does customer need to log-in to every Times Internet Limited page for earning Times Points,
Where can I check the Times points earned for my transactions,
What do I do if I have an issue related to the product using Times points from portal/link,
How much am I going to be charged yearly for Times Points Debit Card,
How can I earn Times Points,
"If I get a new card (reissue), will my Times point carry forward",
What are the benefits of Times Points Debit Card,
Will I get notification about the expiry of my Times points,
I am not registered for times points program; can I apply for Times Point Debit card,
How do I register for Times Points,
Where do I redeem Times Points,
Is there any Times points Apps which I can download on my mobile,
If I am having two member Id can I merge both the IDs and points,
Which are the offers I am eligible as a Times Debit Card holder,
Do I need to mandatorily register,
Is there any Personal Accidental Death Cover for Times Point Debit Card holders,
What should I share while calling TIL to identify myself,
What do I do if I am not able to avail merchant offers,
Are there any exclusive benefits that come with the Times Points Debit Card,
I am already registered for Times Points program; what happens to my existing Times Points ID if I apply for Times point debit card,
What if I forget my ATM PIN,
How can I check the balance on my HDFC Bank ForexPlus Card,
Who can purchase ForexPlus Card,
Can I load ForexPlus card by making payment in Cash,
How do I know if an ATM will accept my ForexPlus Card,
What documents should I submit when I purchase the HDFC Bank ForexPlus card,
How does this card work,
Can I use the DCC/ MCC option at the time of transaction,
Do I need to pay additional amount over and above Cash withdrawal Charges levied by the HDFC Bank for ATM transaction,
What currencies are available,
Where do I get this card,
How soon can the card be used after it is purchased,
How can I cancel my Forex Plus Card,
How do I activate e-commerce on my card,
How do I top-up the value of my card when I am abroad,
Whom should I contact if my card is lost or stolen,
What is the HDFC Bank ForexPlus card,
What is the maximum value for which the Card can be used,
I have renewed my passport with new number. Do I need to update my new Passport number in my ForexPlus Card,
What does DCC/ MCC stand for,
Do I need to have HDFC Bank account to purchase the HDFC Bank ForexPlus card,
What happens if my card is lost,
How many days in advance can I purchase foreign exchange ,
How much foreign exchange can I retain after the foreign trip ,
Can the value of the card be topped up,
What if I Forget my Activation Code / IPIN ,
What is the maximum value for which the Card can be used,
"How much is the currency conversion service tax applicable at the time of Load, Reload and Refund",
What currencies are available,
How do I know if an ATM will accept my ForexPlus Chip Card,
What documents should I submit when I purchase the HDFC Bank ForexPlus Chip card,
Where do I get this card,
How soon can the card be used after it is purchased,
I have renewed my passport with new number. Do I need to update my new Passport number in my ForexPlus Chip Card,
What is the maximum value for which the Card can be used,
Are there any transactions for which this Card should not be used,
Can a non Traveller purchase ForexPlus Chip Card,
Can I load ForexPlus Chip card by making payment in Cash,
Whom should I contact if my card is lost or stolen,
Can I use the DCC/ MCC option at the time of transaction,
Can I issue Cheque for loading of ForexPlus Chip Card,
Can the ATM PIN be changed,
What is HDFC Bank ForexPlus Chip card,
What if I forget my ATM PIN,
How do I activate e-commerce,
How can I cancel my ForexPlus Chip Card,
How do I top-up the value of my card when I am abroad,
How can I check the balance on my HDFC Bank ForexPlus Chip Card,
Do I need to have HDFC Bank account to purchase the HDFC Bank ForexPlus Chip card,
What does DCC/ MCC stand for,
How much foreign exchange can I retain after the foreign trip ,
Can the value of the card be topped up,
Can I use the DCC/ MCC option at the time of transaction,
What happens if my card is lost,
How can I cancel my Forex Plus Card,
"I'm not a traveller, can I still benefit from the ForexPlus Chip Card",
What if I Forget my Activation Code / IPIN,
Can I load ForexPlus Chip Card by making payment in Cash,
I have renewed my passport with new number. Do I need to update my new Passport number in my ForexPlus Platinum Card,
What currencies are available,
What is HDFC Bank ForexPlus Platinum (Chip) card,
How do I top-up the value of my card when I am abroad,
What if I forget my ATM PIN,
Do I need to pay additional amount over and above Cash withdrawal Charges levied by the HDFC Bank for ATM transaction,
How soon can the card be used after it is purchased,
Whom should I contact if my card is lost or stolen,
What are the currencies available for HDFC Bank ForexPlus Platinum card,
Do I need to have HDFC Bank account to purchase the HDFC Bank ForexPlus Platinum card,
What is the maximum value for which the Card can be used,
